#,Name,Type 1,Type 2,Total,HP,Attack,Defense,Sp. Atk,Sp. Def,Speed,Generation,Legendary
150,MewtwoMega Mewtwo Y,Psychic,,780,106,150,70,194,120,140,1,True
151,Mew,Psychic,,600,100,100,100,100,100,100,1,False
152,Chikorita,Grass,,318,45,49,65,49,65,45,2,False
153,Bayleef,Grass,,405,60,62,80,63,80,60,2,False
154,Meganium,Grass,,525,80,82,100,83,100,80,2,False
155,Cyndaquil,Fire,,309,39,52,43,60,50,65,2,False
156,Quilava,Fire,,405,58,64,58,80,65,80,2,False
157,Typhlosion,Fire,,534,78,84,78,109,85,100,2,False
158,Totodile,Water,,314,50,65,64,44,48,43,2,False
159,Croconaw,Water,,405,65,80,80,59,63,58,2,False
160,Feraligatr,Water,,530,85,105,100,79,83,78,2,False
161,Sentret,Normal,,215,35,46,34,35,45,20,2,False
162,Furret,Normal,,415,85,76,64,45,55,90,2,False
163,Hoothoot,Normal,Flying,262,60,30,30,36,56,50,2,False
164,Noctowl,Normal,Flying,442,100,50,50,76,96,70,2,False
165,Ledyba,Bug,Flying,265,40,20,30,40,80,55,2,False
166,Ledian,Bug,Flying,390,55,35,50,55,110,85,2,False
167,Spinarak,Bug,Poison,250,40,60,40,40,40,30,2,False
168,Ariados,Bug,Poison,390,70,90,70,60,60,40,2,False
169,Crobat,Poison,Flying,535,85,90,80,70,80,130,2,False
170,Chinchou,Water,Electric,330,75,38,38,56,56,67,2,False
171,Lanturn,Water,Electric,460,125,58,58,76,76,67,2,False
172,Pichu,Electric,,205,20,40,15,35,35,60,2,False
173,Cleffa,Fairy,,218,50,25,28,45,55,15,2,False
174,Igglybuff,Normal,Fairy,210,90,30,15,40,20,15,2,False
175,Togepi,Fairy,,245,35,20,65,40,65,20,2,False
176,Togetic,Fairy,Flying,405,55,40,85,80,105,40,2,False
177,Natu,Psychic,Flying,320,40,50,45,70,45,70,2,False
178,Xatu,Psychic,Flying,470,65,75,70,95,70,95,2,False
179,Mareep,Electric,,280,55,40,40,65,45,35,2,False
180,Flaaffy,Electric,,365,70,55,55,80,60,45,2,False
181,Ampharos,Electric,,510,90,75,85,115,90,55,2,False
181,AmpharosMega Ampharos,Electric,Dragon,610,90,95,105,165,110,45,2,False
182,Bellossom,Grass,,490,75,80,95,90,100,50,2,False
183,Marill,Water,Fairy,250,70,20,50,20,50,40,2,False
184,Azumarill,Water,Fairy,420,100,50,80,60,80,50,2,False
185,Sudowoodo,Rock,,410,70,100,115,30,65,30,2,False
186,Politoed,Water,,500,90,75,75,90,100,70,2,False
187,Hoppip,Grass,Flying,250,35,35,40,35,55,50,2,False
188,Skiploom,Grass,Flying,340,55,45,50,45,65,80,2,False
189,Jumpluff,Grass,Flying,460,75,55,70,55,95,110,2,False
190,Aipom,Normal,,360,55,70,55,40,55,85,2,False
191,Sunkern,Grass,,180,30,30,30,30,30,30,2,False
192,Sunflora,Grass,,425,75,75,55,105,85,30,2,False
193,Yanma,Bug,Flying,390,65,65,45,75,45,95,2,False
194,Wooper,Water,Ground,210,55,45,45,25,25,15,2,False
195,Quagsire,Water,Ground,430,95,85,85,65,65,35,2,False
196,Espeon,Psychic,,525,65,65,60,130,95,110,2,False
197,Umbreon,Dark,,525,95,65,110,60,130,65,2,False
198,Murkrow,Dark,Flying,405,60,85,42,85,42,91,2,False
199,Slowking,Water,Psychic,490,95,75,80,100,110,30,2,False
200,Misdreavus,Ghost,,435,60,60,60,85,85,85,2,False
201,Unown,Psychic,,336,48,72,48,72,48,48,2,False
202,Wobbuffet,Psychic,,405,190,33,58,33,58,33,2,False
203,Girafarig,Normal,Psychic,455,70,80,65,90,65,85,2,False
204,Pineco,Bug,,290,50,65,90,35,35,15,2,False
205,Forretress,Bug,Steel,465,75,90,140,60,60,40,2,False
206,Dunsparce,Normal,,415,100,70,70,65,65,45,2,False
207,Gligar,Ground,Flying,430,65,75,105,35,65,85,2,False
208,Steelix,Steel,Ground,510,75,85,200,55,65,30,2,False
208,SteelixMega Steelix,Steel,Ground,610,75,125,230,55,95,30,2,False
209,Snubbull,Fairy,,300,60,80,50,40,40,30,2,False
210,Granbull,Fairy,,450,90,120,75,60,60,45,2,False
211,Qwilfish,Water,Poison,430,65,95,75,55,55,85,2,False
212,Scizor,Bug,Steel,500,70,130,100,55,80,65,2,False
212,ScizorMega Scizor,Bug,Steel,600,70,150,140,65,100,75,2,False
213,Shuckle,Bug,Rock,505,20,10,230,10,230,5,2,False
214,Heracross,Bug,Fighting,500,80,125,75,40,95,85,2,False
214,HeracrossMega Heracross,Bug,Fighting,600,80,185,115,40,105,75,2,False
215,Sneasel,Dark,Ice,430,55,95,55,35,75,115,2,False
216,Teddiursa,Normal,,330,60,80,50,50,50,40,2,False
217,Ursaring,Normal,,500,90,130,75,75,75,55,2,False
218,Slugma,Fire,,250,40,40,40,70,40,20,2,False
219,Magcargo,Fire,Rock,410,50,50,120,80,80,30,2,False
220,Swinub,Ice,Ground,250,50,50,40,30,30,50,2,False
221,Piloswine,Ice,Ground,450,100,100,80,60,60,50,2,False
222,Corsola,Water,Rock,380,55,55,85,65,85,35,2,False
223,Remoraid,Water,,300,35,65,35,65,35,65,2,False
224,Octillery,Water,,480,75,105,75,105,75,45,2,False
225,Delibird,Ice,Flying,330,45,55,45,65,45,75,2,False
226,Mantine,Water,Flying,465,65,40,70,80,140,70,2,False
227,Skarmory,Steel,Flying,465,65,80,140,40,70,70,2,False
228,Houndour,Dark,Fire,330,45,60,30,80,50,65,2,False
229,Houndoom,Dark,Fire,500,75,90,50,110,80,95,2,False
229,HoundoomMega Houndoom,Dark,Fire,600,75,90,90,140,90,115,2,False
230,Kingdra,Water,Dragon,540,75,95,95,95,95,85,2,False
231,Phanpy,Ground,,330,90,60,60,40,40,40,2,False
232,Donphan,Ground,,500,90,120,120,60,60,50,2,False
233,Porygon2,Normal,,515,85,80,90,105,95,60,2,False
234,Stantler,Normal,,465,73,95,62,85,65,85,2,False
235,Smeargle,Normal,,250,55,20,35,20,45,75,2,False
236,Tyrogue,Fighting,,210,35,35,35,35,35,35,2,False
237,Hitmontop,Fighting,,455,50,95,95,35,110,70,2,False
238,Smoochum,Ice,Psychic,305,45,30,15,85,65,65,2,False
239,Elekid,Electric,,360,45,63,37,65,55,95,2,False
240,Magby,Fire,,365,45,75,37,70,55,83,2,False
241,Miltank,Normal,,490,95,80,105,40,70,100,2,False
242,Blissey,Normal,,540,255,10,10,75,135,55,2,False
243,Raikou,Electric,,580,90,85,75,115,100,115,2,True
244,Entei,Fire,,580,115,115,85,90,75,100,2,True
245,Suicune,Water,,580,100,75,115,90,115,85,2,True
246,Larvitar,Rock,Ground,300,50,64,50,45,50,41,2,False
247,Pupitar,Rock,Ground,410,70,84,70,65,70,51,2,False
248,Tyranitar,Rock,Dark,600,100,134,110,95,100,61,2,False
248,TyranitarMega Tyranitar,Rock,Dark,700,100,164,150,95,120,71,2,False
249,Lugia,Psychic,Flying,680,106,90,130,90,154,110,2,True
250,Ho-oh,Fire,Flying,680,106,130,90,110,154,90,2,True
251,Celebi,Psychic,Grass,600,100,100,100,100,100,100,2,False
252,Treecko,Grass,,310,40,45,35,65,55,70,3,False
253,Grovyle,Grass,,405,50,65,45,85,65,95,3,False
254,Sceptile,Grass,,530,70,85,65,105,85,120,3,False
254,SceptileMega Sceptile,Grass,Dragon,630,70,110,75,145,85,145,3,False
255,Torchic,Fire,,310,45,60,40,70,50,45,3,False
256,Combusken,Fire,Fighting,405,60,85,60,85,60,55,3,False
257,Blaziken,Fire,Fighting,530,80,120,70,110,70,80,3,False
257,BlazikenMega Blaziken,Fire,Fighting,630,80,160,80,130,80,100,3,False
258,Mudkip,Water,,310,50,70,50,50,50,40,3,False
259,Marshtomp,Water,Ground,405,70,85,70,60,70,50,3,False
260,Swampert,Water,Ground,535,100,110,90,85,90,60,3,False
260,SwampertMega Swampert,Water,Ground,635,100,150,110,95,110,70,3,False
261,Poochyena,Dark,,220,35,55,35,30,30,35,3,False
262,Mightyena,Dark,,420,70,90,70,60,60,70,3,False
263,Zigzagoon,Normal,,240,38,30,41,30,41,60,3,False
264,Linoone,Normal,,420,78,70,61,50,61,100,3,False
265,Wurmple,Bug,,195,45,45,35,20,30,20,3,False
266,Silcoon,Bug,,205,50,35,55,25,25,15,3,False
267,Beautifly,Bug,Flying,395,60,70,50,100,50,65,3,False
268,Cascoon,Bug,,205,50,35,55,25,25,15,3,False
269,Dustox,Bug,Poison,385,60,50,70,50,90,65,3,False
270,Lotad,Water,Grass,220,40,30,30,40,50,30,3,False
271,Lombre,Water,Grass,340,60,50,50,60,70,50,3,False
272,Ludicolo,Water,Grass,480,80,70,70,90,100,70,3,False
273,Seedot,Grass,,220,40,40,50,30,30,30,3,False
274,Nuzleaf,Grass,Dark,340,70,70,40,60,40,60,3,False
275,Shiftry,Grass,Dark,480,90,100,60,90,60,80,3,False
276,Taillow,Normal,Flying,270,40,55,30,30,30,85,3,False
277,Swellow,Normal,Flying,430,60,85,60,50,50,125,3,False
278,Wingull,Water,Flying,270,40,30,30,55,30,85,3,False
279,Pelipper,Water,Flying,430,60,50,100,85,70,65,3,False
280,Ralts,Psychic,Fairy,198,28,25,25,45,35,40,3,False
281,Kirlia,Psychic,Fairy,278,38,35,35,65,55,50,3,False
282,Gardevoir,Psychic,Fairy,518,68,65,65,125,115,80,3,False
282,GardevoirMega Gardevoir,Psychic,Fairy,618,68,85,65,165,135,100,3,False
283,Surskit,Bug,Water,269,40,30,32,50,52,65,3,False
284,Masquerain,Bug,Flying,414,70,60,62,80,82,60,3,False
285,Shroomish,Grass,,295,60,40,60,40,60,35,3,False
286,Breloom,Grass,Fighting,460,60,130,80,60,60,70,3,False
287,Slakoth,Normal,,280,60,60,60,35,35,30,3,False
288,Vigoroth,Normal,,440,80,80,80,55,55,90,3,False
289,Slaking,Normal,,670,150,160,100,95,65,100,3,False
290,Nincada,Bug,Ground,266,31,45,90,30,30,40,3,False
291,Ninjask,Bug,Flying,456,61,90,45,50,50,160,3,False
292,Shedinja,Bug,Ghost,236,1,90,45,30,30,40,3,False
293,Whismur,Normal,,240,64,51,23,51,23,28,3,False
294,Loudred,Normal,,360,84,71,43,71,43,48,3,False
295,Exploud,Normal,,490,104,91,63,91,73,68,3,False
296,Makuhita,Fighting,,237,72,60,30,20,30,25,3,False
297,Hariyama,Fighting,,474,144,120,60,40,60,50,3,False
298,Azurill,Normal,Fairy,190,50,20,40,20,40,20,3,False
299,Nosepass,Rock,,375,30,45,135,45,90,30,3,False
300,Skitty,Normal,,260,50,45,45,35,35,50,3,False
301,Delcatty,Normal,,380,70,65,65,55,55,70,3,False
302,Sableye,Dark,Ghost,380,50,75,75,65,65,50,3,False
302,SableyeMega Sableye,Dark,Ghost,480,50,85,125,85,115,20,3,False
303,Mawile,Steel,Fairy,380,50,85,85,55,55,50,3,False
303,MawileMega Mawile,Steel,Fairy,480,50,105,125,55,95,50,3,False
304,Aron,Steel,Rock,330,50,70,100,40,40,30,3,False
305,Lairon,Steel,Rock,430,60,90,140,50,50,40,3,False
306,Aggron,Steel,Rock,530,70,110,180,60,60,50,3,False
306,AggronMega Aggron,Steel,,630,70,140,230,60,80,50,3,False
307,Meditite,Fighting,Psychic,280,30,40,55,40,55,60,3,False
308,Medicham,Fighting,Psychic,410,60,60,75,60,75,80,3,False
308,MedichamMega Medicham,Fighting,Psychic,510,60,100,85,80,85,100,3,False
309,Electrike,Electric,,295,40,45,40,65,40,65,3,False
310,Manectric,Electric,,475,70,75,60,105,60,105,3,False
310,ManectricMega Manectric,Electric,,575,70,75,80,135,80,135,3,False
311,Plusle,Electric,,405,60,50,40,85,75,95,3,False
312,Minun,Electric,,405,60,40,50,75,85,95,3,False
313,Volbeat,Bug,,400,65,73,55,47,75,85,3,False
314,Illumise,Bug,,400,65,47,55,73,75,85,3,False
315,Roselia,Grass,Poison,400,50,60,45,100,80,65,3,False
316,Gulpin,Poison,,302,70,43,53,43,53,40,3,False
317,Swalot,Poison,,467,100,73,83,73,83,55,3,False
318,Carvanha,Water,Dark,305,45,90,20,65,20,65,3,False
319,Sharpedo,Water,Dark,460,70,120,40,95,40,95,3,False
319,SharpedoMega Sharpedo,Water,Dark,560,70,140,70,110,65,105,3,False
320,Wailmer,Water,,400,130,70,35,70,35,60,3,False
321,Wailord,Water,,500,170,90,45,90,45,60,3,False
322,Numel,Fire,Ground,305,60,60,40,65,45,35,3,False
323,Camerupt,Fire,Ground,460,70,100,70,105,75,40,3,False
323,CameruptMega Camerupt,Fire,Ground,560,70,120,100,145,105,20,3,False
324,Torkoal,Fire,,470,70,85,140,85,70,20,3,False
325,Spoink,Psychic,,330,60,25,35,70,80,60,3,False
326,Grumpig,Psychic,,470,80,45,65,90,110,80,3,False
327,Spinda,Normal,,360,60,60,60,60,60,60,3,False
328,Trapinch,Ground,,290,45,100,45,45,45,10,3,False
329,Vibrava,Ground,Dragon,340,50,70,50,50,50,70,3,False
330,Flygon,Ground,Dragon,520,80,100,80,80,80,100,3,False
331,Cacnea,Grass,,335,50,85,40,85,40,35,3,False
332,Cacturne,Grass,Dark,475,70,115,60,115,60,55,3,False
333,Swablu,Normal,Flying,310,45,40,60,40,75,50,3,False
334,Altaria,Dragon,Flying,490,75,70,90,70,105,80,3,False
334,AltariaMega Altaria,Dragon,Fairy,590,75,110,110,110,105,80,3,False
335,Zangoose,Normal,,458,73,115,60,60,60,90,3,False
336,Seviper,Poison,,458,73,100,60,100,60,65,3,False
337,Lunatone,Rock,Psychic,440,70,55,65,95,85,70,3,False
338,Solrock,Rock,Psychic,440,70,95,85,55,65,70,3,False
339,Barboach,Water,Ground,288,50,48,43,46,41,60,3,False
340,Whiscash,Water,Ground,468,110,78,73,76,71,60,3,False
341,Corphish,Water,,308,43,80,65,50,35,35,3,False
342,Crawdaunt,Water,Dark,468,63,120,85,90,55,55,3,False
343,Baltoy,Ground,Psychic,300,40,40,55,40,70,55,3,False
344,Claydol,Ground,Psychic,500,60,70,105,70,120,75,3,False
345,Lileep,Rock,Grass,355,66,41,77,61,87,23,3,False
346,Cradily,Rock,Grass,495,86,81,97,81,107,43,3,False
347,Anorith,Rock,Bug,355,45,95,50,40,50,75,3,False
348,Armaldo,Rock,Bug,495,75,125,100,70,80,45,3,False
349,Feebas,Water,,200,20,15,20,10,55,80,3,False
350,Milotic,Water,,540,95,60,79,100,125,81,3,False
351,Castform,Normal,,420,70,70,70,70,70,70,3,False
352,Kecleon,Normal,,440,60,90,70,60,120,40,3,False
353,Shuppet,Ghost,,295,44,75,35,63,33,45,3,False
354,Banette,Ghost,,455,64,115,65,83,63,65,3,False
354,BanetteMega Banette,Ghost,,555,64,165,75,93,83,75,3,False
355,Duskull,Ghost,,295,20,40,90,30,90,25,3,False
356,Dusclops,Ghost,,455,40,70,130,60,130,25,3,False
357,Tropius,Grass,Flying,460,99,68,83,72,87,51,3,False
358,Chimecho,Psychic,,425,65,50,70,95,80,65,3,False
359,Absol,Dark,,465,65,130,60,75,60,75,3,False
359,AbsolMega Absol,Dark,,565,65,150,60,115,60,115,3,False
360,Wynaut,Psychic,,260,95,23,48,23,48,23,3,False
361,Snorunt,Ice,,300,50,50,50,50,50,50,3,False
362,Glalie,Ice,,480,80,80,80,80,80,80,3,False
362,GlalieMega Glalie,Ice,,580,80,120,80,120,80,100,3,False
363,Spheal,Ice,Water,290,70,40,50,55,50,25,3,False
364,Sealeo,Ice,Water,410,90,60,70,75,70,45,3,False
365,Walrein,Ice,Water,530,110,80,90,95,90,65,3,False
366,Clamperl,Water,,345,35,64,85,74,55,32,3,False
367,Huntail,Water,,485,55,104,105,94,75,52,3,False
368,Gorebyss,Water,,485,55,84,105,114,75,52,3,False
369,Relicanth,Water,Rock,485,100,90,130,45,65,55,3,False
370,Luvdisc,Water,,330,43,30,55,40,65,97,3,False
371,Bagon,Dragon,,300,45,75,60,40,30,50,3,False
372,Shelgon,Dragon,,420,65,95,100,60,50,50,3,False
373,Salamence,Dragon,Flying,600,95,135,80,110,80,100,3,False
373,SalamenceMega Salamence,Dragon,Flying,700,95,145,130,120,90,120,3,False
374,Beldum,Steel,Psychic,300,40,55,80,35,60,30,3,False
375,Metang,Steel,Psychic,420,60,75,100,55,80,50,3,False
376,Metagross,Steel,Psychic,600,80,135,130,95,90,70,3,False
376,MetagrossMega Metagross,Steel,Psychic,700,80,145,150,105,110,110,3,False
377,Regirock,Rock,,580,80,100,200,50,100,50,3,True
378,Regice,Ice,,580,80,50,100,100,200,50,3,True
379,Registeel,Steel,,580,80,75,150,75,150,50,3,True
380,Latias,Dragon,Psychic,600,80,80,90,110,130,110,3,True
380,LatiasMega Latias,Dragon,Psychic,700,80,100,120,140,150,110,3,True
381,Latios,Dragon,Psychic,600,80,90,80,130,110,110,3,True
381,LatiosMega Latios,Dragon,Psychic,700,80,130,100,160,120,110,3,True
382,Kyogre,Water,,670,100,100,90,150,140,90,3,True
382,KyogrePrimal Kyogre,Water,,770,100,150,90,180,160,90,3,True
383,Groudon,Ground,,670,100,150,140,100,90,90,3,True
383,GroudonPrimal Groudon,Ground,Fire,770,100,180,160,150,90,90,3,True
384,Rayquaza,Dragon,Flying,680,105,150,90,150,90,95,3,True
384,RayquazaMega Rayquaza,Dragon,Flying,780,105,180,100,180,100,115,3,True
385,Jirachi,Steel,Psychic,600,100,100,100,100,100,100,3,True
386,DeoxysNormal Forme,Psychic,,600,50,150,50,150,50,150,3,True
386,DeoxysAttack Forme,Psychic,,600,50,180,20,180,20,150,3,True
386,DeoxysDefense Forme,Psychic,,600,50,70,160,70,160,90,3,True
386,DeoxysSpeed Forme,Psychic,,600,50,95,90,95,90,180,3,True
387,Turtwig,Grass,,318,55,68,64,45,55,31,4,False
388,Grotle,Grass,,405,75,89,85,55,65,36,4,False
389,Torterra,Grass,Ground,525,95,109,105,75,85,56,4,False
390,Chimchar,Fire,,309,44,58,44,58,44,61,4,False
391,Monferno,Fire,Fighting,405,64,78,52,78,52,81,4,False
392,Infernape,Fire,Fighting,534,76,104,71,104,71,108,4,False
393,Piplup,Water,,314,53,51,53,61,56,40,4,False
394,Prinplup,Water,,405,64,66,68,81,76,50,4,False
395,Empoleon,Water,Steel,530,84,86,88,111,101,60,4,False
396,Starly,Normal,Flying,245,40,55,30,30,30,60,4,False
397,Staravia,Normal,Flying,340,55,75,50,40,40,80,4,False
398,Staraptor,Normal,Flying,485,85,120,70,50,60,100,4,False
399,Bidoof,Normal,,250,59,45,40,35,40,31,4,False
400,Bibarel,Normal,Water,410,79,85,60,55,60,71,4,False
401,Kricketot,Bug,,194,37,25,41,25,41,25,4,False
402,Kricketune,Bug,,384,77,85,51,55,51,65,4,False
403,Shinx,Electric,,263,45,65,34,40,34,45,4,False
404,Luxio,Electric,,363,60,85,49,60,49,60,4,False
405,Luxray,Electric,,523,80,120,79,95,79,70,4,False
406,Budew,Grass,Poison,280,40,30,35,50,70,55,4,False
407,Roserade,Grass,Poison,515,60,70,65,125,105,90,4,False
408,Cranidos,Rock,,350,67,125,40,30,30,58,4,False
409,Rampardos,Rock,,495,97,165,60,65,50,58,4,False
410,Shieldon,Rock,Steel,350,30,42,118,42,88,30,4,False
411,Bastiodon,Rock,Steel,495,60,52,168,47,138,30,4,False
412,Burmy,Bug,,224,40,29,45,29,45,36,4,False
413,WormadamPlant Cloak,Bug,Grass,424,60,59,85,79,105,36,4,False
413,WormadamSandy Cloak,Bug,Ground,424,60,79,105,59,85,36,4,False
413,WormadamTrash Cloak,Bug,Steel,424,60,69,95,69,95,36,4,False
414,Mothim,Bug,Flying,424,70,94,50,94,50,66,4,False
415,Combee,Bug,Flying,244,30,30,42,30,42,70,4,False
416,Vespiquen,Bug,Flying,474,70,80,102,80,102,40,4,False
417,Pachirisu,Electric,,405,60,45,70,45,90,95,4,False
418,Buizel,Water,,330,55,65,35,60,30,85,4,False
419,Floatzel,Water,,495,85,105,55,85,50,115,4,False
420,Cherubi,Grass,,275,45,35,45,62,53,35,4,False
421,Cherrim,Grass,,450,70,60,70,87,78,85,4,False
422,Shellos,Water,,325,76,48,48,57,62,34,4,False
423,Gastrodon,Water,Ground,475,111,83,68,92,82,39,4,False
424,Ambipom,Normal,,482,75,100,66,60,66,115,4,False
425,Drifloon,Ghost,Flying,348,90,50,34,60,44,70,4,False
426,Drifblim,Ghost,Flying,498,150,80,44,90,54,80,4,False
427,Buneary,Normal,,350,55,66,44,44,56,85,4,False
428,Lopunny,Normal,,480,65,76,84,54,96,105,4,False
428,LopunnyMega Lopunny,Normal,Fighting,580,65,136,94,54,96,135,4,False
429,Mismagius,Ghost,,495,60,60,60,105,105,105,4,False
430,Honchkrow,Dark,Flying,505,100,125,52,105,52,71,4,False
610,Axew,Dragon,,320,46,87,60,30,40,57,5,False
611,Fraxure,Dragon,,410,66,117,70,40,50,67,5,False
612,Haxorus,Dragon,,540,76,147,90,60,70,97,5,False
613,Cubchoo,Ice,,305,55,70,40,60,40,40,5,False
614,Beartic,Ice,,485,95,110,80,70,80,50,5,False
615,Cryogonal,Ice,,485,70,50,30,95,135,105,5,False
616,Shelmet,Bug,,305,50,40,85,40,65,25,5,False
617,Accelgor,Bug,,495,80,70,40,100,60,145,5,False
618,Stunfisk,Ground,Electric,471,109,66,84,81,99,32,5,False
619,Mienfoo,Fighting,,350,45,85,50,55,50,65,5,False
620,Mienshao,Fighting,,510,65,125,60,95,60,105,5,False
621,Druddigon,Dragon,,485,77,120,90,60,90,48,5,False
622,Golett,Ground,Ghost,303,59,74,50,35,50,35,5,False
623,Golurk,Ground,Ghost,483,89,124,80,55,80,55,5,False
624,Pawniard,Dark,Steel,340,45,85,70,40,40,60,5,False
625,Bisharp,Dark,Steel,490,65,125,100,60,70,70,5,False
626,Bouffalant,Normal,,490,95,110,95,40,95,55,5,False
627,Rufflet,Normal,Flying,350,70,83,50,37,50,60,5,False
628,Braviary,Normal,Flying,510,100,123,75,57,75,80,5,False
629,Vullaby,Dark,Flying,370,70,55,75,45,65,60,5,False
630,Mandibuzz,Dark,Flying,510,110,65,105,55,95,80,5,False
631,Heatmor,Fire,,484,85,97,66,105,66,65,5,False
632,Durant,Bug,Steel,484,58,109,112,48,48,109,5,False
633,Deino,Dark,Dragon,300,52,65,50,45,50,38,5,False
634,Zweilous,Dark,Dragon,420,72,85,70,65,70,58,5,False
635,Hydreigon,Dark,Dragon,600,92,105,90,125,90,98,5,False
636,Larvesta,Bug,Fire,360,55,85,55,50,55,60,5,False
637,Volcarona,Bug,Fire,550,85,60,65,135,105,100,5,False
638,Cobalion,Steel,Fighting,580,91,90,129,90,72,108,5,True
639,Terrakion,Rock,Fighting,580,91,129,90,72,90,108,5,True
640,Virizion,Grass,Fighting,580,91,90,72,90,129,108,5,True
641,TornadusIncarnate Forme,Flying,,580,79,115,70,125,80,111,5,True
641,TornadusTherian Forme,Flying,,580,79,100,80,110,90,121,5,True
642,ThundurusIncarnate Forme,Electric,Flying,580,79,115,70,125,80,111,5,True
642,ThundurusTherian Forme,Electric,Flying,580,79,105,70,145,80,101,5,True
643,Reshiram,Dragon,Fire,680,100,120,100,150,120,90,5,True
644,Zekrom,Dragon,Electric,680,100,150,120,120,100,90,5,True
645,LandorusIncarnate Forme,Ground,Flying,600,89,125,90,115,80,101,5,True
645,LandorusTherian Forme,Ground,Flying,600,89,145,90,105,80,91,5,True
646,Kyurem,Dragon,Ice,660,125,130,90,130,90,95,5,True
646,KyuremBlack Kyurem,Dragon,Ice,700,125,170,100,120,90,95,5,True
646,KyuremWhite Kyurem,Dragon,Ice,700,125,120,90,170,100,95,5,True
647,KeldeoOrdinary Forme,Water,Fighting,580,91,72,90,129,90,108,5,False
647,KeldeoResolute Forme,Water,Fighting,580,91,72,90,129,90,108,5,False
648,MeloettaAria Forme,Normal,Psychic,600,100,77,77,128,128,90,5,False
648,MeloettaPirouette Forme,Normal,Fighting,600,100,128,90,77,77,128,5,False
649,Genesect,Bug,Steel,600,71,120,95,120,95,99,5,False
650,Chespin,Grass,,313,56,61,65,48,45,38,6,False
651,Quilladin,Grass,,405,61,78,95,56,58,57,6,False
652,Chesnaught,Grass,Fighting,530,88,107,122,74,75,64,6,False
653,Fennekin,Fire,,307,40,45,40,62,60,60,6,False
654,Braixen,Fire,,409,59,59,58,90,70,73,6,False
655,Delphox,Fire,Psychic,534,75,69,72,114,100,104,6,False
656,Froakie,Water,,314,41,56,40,62,44,71,6,False
657,Frogadier,Water,,405,54,63,52,83,56,97,6,False
658,Greninja,Water,Dark,530,72,95,67,103,71,122,6,False
659,Bunnelby,Normal,,237,38,36,38,32,36,57,6,False
660,Diggersby,Normal,Ground,423,85,56,77,50,77,78,6,False
661,Fletchling,Normal,Flying,278,45,50,43,40,38,62,6,False
662,Fletchinder,Fire,Flying,382,62,73,55,56,52,84,6,False
663,Talonflame,Fire,Flying,499,78,81,71,74,69,126,6,False
664,Scatterbug,Bug,,200,38,35,40,27,25,35,6,False
665,Spewpa,Bug,,213,45,22,60,27,30,29,6,False
666,Vivillon,Bug,Flying,411,80,52,50,90,50,89,6,False
667,Litleo,Fire,Normal,369,62,50,58,73,54,72,6,False
668,Pyroar,Fire,Normal,507,86,68,72,109,66,106,6,False
669,Flabébé,Fairy,,303,44,38,39,61,79,42,6,False
670,Floette,Fairy,,371,54,45,47,75,98,52,6,False
671,Florges,Fairy,,552,78,65,68,112,154,75,6,False
672,Skiddo,Grass,,350,66,65,48,62,57,52,6,False
673,Gogoat,Grass,,531,123,100,62,97,81,68,6,False
674,Pancham,Fighting,,348,67,82,62,46,48,43,6,False
675,Pangoro,Fighting,Dark,495,95,124,78,69,71,58,6,False
676,Furfrou,Normal,,472,75,80,60,65,90,102,6,False
677,Espurr,Psychic,,355,62,48,54,63,60,68,6,False
678,MeowsticMale,Psychic,,466,74,48,76,83,81,104,6,False
678,MeowsticFemale,Psychic,,466,74,48,76,83,81,104,6,False
679,Honedge,Steel,Ghost,325,45,80,100,35,37,28,6,False
680,Doublade,Steel,Ghost,448,59,110,150,45,49,35,6,False
681,AegislashBlade Forme,Steel,Ghost,520,60,150,50,150,50,60,6,False
681,AegislashShield Forme,Steel,Ghost,520,60,50,150,50,150,60,6,False
682,Spritzee,Fairy,,341,78,52,60,63,65,23,6,False
683,Aromatisse,Fairy,,462,101,72,72,99,89,29,6,False
684,Swirlix,Fairy,,341,62,48,66,59,57,49,6,False
685,Slurpuff,Fairy,,480,82,80,86,85,75,72,6,False
686,Inkay,Dark,Psychic,288,53,54,53,37,46,45,6,False
687,Malamar,Dark,Psychic,482,86,92,88,68,75,73,6,False
688,Binacle,Rock,Water,306,42,52,67,39,56,50,6,False
689,Barbaracle,Rock,Water,500,72,105,115,54,86,68,6,False
690,Skrelp,Poison,Water,320,50,60,60,60,60,30,6,False
691,Dragalge,Poison,Dragon,494,65,75,90,97,123,44,6,False
692,Clauncher,Water,,330,50,53,62,58,63,44,6,False
693,Clawitzer,Water,,500,71,73,88,120,89,59,6,False
694,Helioptile,Electric,Normal,289,44,38,33,61,43,70,6,False
695,Heliolisk,Electric,Normal,481,62,55,52,109,94,109,6,False
696,Tyrunt,Rock,Dragon,362,58,89,77,45,45,48,6,False
697,Tyrantrum,Rock,Dragon,521,82,121,119,69,59,71,6,False
698,Amaura,Rock,Ice,362,77,59,50,67,63,46,6,False
699,Aurorus,Rock,Ice,521,123,77,72,99,92,58,6,False
700,Sylveon,Fairy,,525,95,65,65,110,130,60,6,False
701,Hawlucha,Fighting,Flying,500,78,92,75,74,63,118,6,False
702,Dedenne,Electric,Fairy,431,67,58,57,81,67,101,6,False
703,Carbink,Rock,Fairy,500,50,50,150,50,150,50,6,False
704,Goomy,Dragon,,300,45,50,35,55,75,40,6,False
705,Sliggoo,Dragon,,452,68,75,53,83,113,60,6,False
706,Goodra,Dragon,,600,90,100,70,110,150,80,6,False
707,Klefki,Steel,Fairy,470,57,80,91,80,87,75,6,False
708,Phantump,Ghost,Grass,309,43,70,48,50,60,38,6,False
709,Trevenant,Ghost,Grass,474,85,110,76,65,82,56,6,False
710,PumpkabooAverage Size,Ghost,Grass,335,49,66,70,44,55,51,6,False
710,PumpkabooSmall Size,Ghost,Grass,335,44,66,70,44,55,56,6,False
710,PumpkabooLarge Size,Ghost,Grass,335,54,66,70,44,55,46,6,False
710,PumpkabooSuper Size,Ghost,Grass,335,59,66,70,44,55,41,6,False
711,GourgeistAverage Size,Ghost,Grass,494,65,90,122,58,75,84,6,False
711,GourgeistSmall Size,Ghost,Grass,494,55,85,122,58,75,99,6,False
711,GourgeistLarge Size,Ghost,Grass,494,75,95,122,58,75,69,6,False
711,GourgeistSuper Size,Ghost,Grass,494,85,100,122,58,75,54,6,False
712,Bergmite,Ice,,304,55,69,85,32,35,28,6,False
713,Avalugg,Ice,,514,95,117,184,44,46,28,6,False
714,Noibat,Flying,Dragon,245,40,30,35,45,40,55,6,False
715,Noivern,Flying,Dragon,535,85,70,80,97,80,123,6,False
716,Xerneas,Fairy,,680,126,131,95,131,98,99,6,True
717,Yveltal,Dark,Flying,680,126,131,95,131,98,99,6,True
718,Zygarde50% Forme,Dragon,Ground,600,108,100,121,81,95,95,6,True
719,Diancie,Rock,Fairy,600,50,100,150,100,150,50,6,True
719,DiancieMega Diancie,Rock,Fairy,700,50,160,110,160,110,110,6,True
720,HoopaHoopa Confined,Psychic,Ghost,600,80,110,60,150,130,70,6,True
720,HoopaHoopa Unbound,Psychic,Dark,680,80,160,60,170,130,80,6,True
721,Volcanion,Fire,Water,600,80,110,120,130,90,70,6,True